<?xml version="1.0" encoding="utf-8"?>
<templates id="template" xml:space="preserve">
    <t t-name="l10n_in_pos.ReceiptHeader" t-inherit="point_of_sale.ReceiptHeader" t-inherit-mode="extension">
        <xpath expr="//div[hasclass('pos-receipt-contact')]" position="after">
            <t t-if="props.data.partner and props.data.company?.country_id?.code == 'IN'">
                <div class="pos-receipt-center-align">
                    <div><t t-out="props.data.partner.name" /></div>
                    <t t-if="props.data.partner.phone">
                        <div>
                            <span>Phone: </span>
                            <t t-out="props.data.partner.phone" />
                        </div>
                    </t>
                    <br />
                </div>
            </t>
        </xpath>
    </t>

    <t t-name="l10n_in_pos.OrderReceipt" t-inherit="point_of_sale.OrderReceipt" t-inherit-mode="extension">
        <xpath expr="//Orderline" position="inside">
            <t t-if="line.l10n_in_hsn_code and props.data.headerData.company.country_id?.code === 'IN'">
                <div class="pos-receipt-left-padding">
                    <span>HSN Code: </span>
                    <t t-out="line.l10n_in_hsn_code"/>
                </div>
            </t>
        </xpath>
        <xpath expr="//div[@class='before-footer']" position="after">
            <br/>
            <t t-set="l10n_in_hsn_summary" t-value="props.data?.l10n_in_hsn_summary"/>
            <table t-if="l10n_in_hsn_summary and props.data.headerData.company.country_id?.code === 'IN' and l10n_in_hsn_summary.items.length > 0" style="width:100%;">
              <tr>
                    <th class="text-center fw-bolder" colspan="6">HSN Summary</th>
                </tr>
                <tr>
                    <th class="text-center">HSN Code</th>
                    <th class="text-center">Rate%</th>
                    <th class="text-center">CGST</th>
                    <th class="text-center">SGST</th>
                    <th class="text-center" t-if="l10n_in_hsn_summary.has_igst">IGST</th>
                    <th class="text-center" t-if="l10n_in_hsn_summary.has_cess">CESS</th>
                </tr>
                <tr t-foreach="l10n_in_hsn_summary.items" t-as="item" t-key="item_index">
                    <td class="text-center" t-out="item.l10n_in_hsn_code"/>
                    <td class="text-center"><t t-out="item.rate"/> %</td>
                    <td class="text-center" t-out="item.tax_amount_cgst"/>
                    <td class="text-center" t-out="item.tax_amount_sgst"/>
                    <td class="text-center" t-if="l10n_in_hsn_summary.has_igst" t-out="item.tax_amount_igst"/>
                    <td class="text-center" t-if="l10n_in_hsn_summary.has_cess" t-out="item.tax_amount_cess"/>
                </tr>
            </table>
        </xpath>
    </t>
</templates>
